--
-- Base de données : `appli_bug`
--

CREATE DATABSE IF NOT EXISTS `appli_bug` ;
use `appli_bug` ;
-- --------------------------------------------------------

--
-- Structure de la table `users`
--

DROP TABLE IF EXISTS `users`;
CREATE TABLE IF NOT EXISTS `users` (
  `id` int NOT NULL AUTO_INCREMENT,
  `username` varchar(50) NOT NULL,
  `password` varchar(255) NOT NULL,
  `role` enum('enfant','parent','enseignant') NOT NULL,
  `class` enum('CP','CE1','CE2','CM1','CM2') DEFAULT NULL,
  PRIMARY KEY (`id`)
) ENGINE=MyISAM AUTO_INCREMENT=89 DEFAULT CHARSET=utf8mb4 COLLATE=utf8mb4_0900_ai_ci;

--
-- Déchargement des données de la table `users`
--

INSERT INTO `users` (`id`, `username`, `password`, `role`, `class`) VALUES
(9, 'bonjour', '$2y$10$2Vu1V9RIXPnqrQbqWTm6F.PDZNeGXPlh5mFxjIfrcxRX7FpcAJnz6', 'enfant', NULL),
(2, 'test', 'test', 'enfant', NULL),
(3, 'test3', 'test3', 'enfant', NULL),
(10, 'enzo', '$2y$10$gDcmgLuSMfjVei3IG5ohdOL7vkDWX/Jbfsk/bOEOmObHvgt0fVEUe', 'enfant', NULL),
(5, 'zizi', 'zizi', 'enfant', NULL),
(30, 'enzo', '$2y$10$nkKn2Abz/0mEt9MS3aNRquMrEcV6iokPyOfjxkdym8arfBRN6zZeC', 'enfant', 'CM2'),
(7, 'zizizi', '$2y$10$aINi4tf7.daLB30VJPt91ujUAoKwUPMNT4UvAcxLEcYAAH9hzP19G', 'enfant', NULL),
(11, 'allan', '$2y$10$kWCefek8hyNV6SRSYXAUa.mASyN8NN8dIQdAgG54cZxM210M7HTsu', 'enfant', 'CP'),
(83, 'lucas', '$2y$10$uCl4oVD.e.Di3gD5hP.67ejwrKYfFiWkOnj5.0v9Iv7/7Ss0fZ6A2', 'enseignant', 'CM2'),
(13, 'patrick', '$2y$10$HTNQ/f8qWKtfhBpCy4T5W.Qxv0nXynAFYniBhWPBQxNaIWlPpq06K', 'parent', 'CP'),
(17, 'enfant_cp', '$2y$10$e0MYzXyjpJS7Pd0RVvHwHeFupf8X1Z0K7c5J8K6FZ5e5J8K6FZ5e5', 'enfant', 'CP'),
(18, 'enfant_ce1', '$2y$10$e0MYzXyjpJS7Pd0RVvHwHeFupf8X1Z0K7c5J8K6FZ5e5J8K6FZ5e5', 'enfant', 'CE1'),
(19, 'enfant_ce2', '$2y$10$e0MYzXyjpJS7Pd0RVvHwHeFupf8X1Z0K7c5J8K6FZ5e5J8K6FZ5e5', 'enfant', 'CE2'),
(20, 'enfant_cm1', '$2y$10$e0MYzXyjpJS7Pd0RVvHwHeFupf8X1Z0K7c5J8K6FZ5e5J8K6FZ5e5', 'enfant', 'CM1'),
(21, 'enfant_cm2', '$2y$10$e0MYzXyjpJS7Pd0RVvHwHeFupf8X1Z0K7c5J8K6FZ5e5J8K6FZ5e5', 'enfant', 'CM2'),
(22, 'parent1', '$2y$10$e0MYzXyjpJS7Pd0RVvHwHeFupf8X1Z0K7c5J8K6FZ5e5J8K6FZ5e5', 'parent', NULL),
(23, 'parent2', '$2y$10$e0MYzXyjpJS7Pd0RVvHwHeFupf8X1Z0K7c5J8K6FZ5e5J8K6FZ5e5', 'parent', NULL),
(24, 'enseignant_cp', '$2y$10$e0MYzXyjpJS7Pd0RVvHwHeFupf8X1Z0K7c5J8K6FZ5e5J8K6FZ5e5', 'enseignant', 'CP'),
(25, 'enseignant_ce1', '$2y$10$e0MYzXyjpJS7Pd0RVvHwHeFupf8X1Z0K7c5J8K6FZ5e5J8K6FZ5e5', 'enseignant', 'CE1'),
(26, 'enseignant_ce2', '$2y$10$e0MYzXyjpJS7Pd0RVvHwHeFupf8X1Z0K7c5J8K6FZ5e5J8K6FZ5e5', 'enseignant', 'CE2'),
(27, 'enseignant_cm1', '$2y$10$e0MYzXyjpJS7Pd0RVvHwHeFupf8X1Z0K7c5J8K6FZ5e5J8K6FZ5e5', 'enseignant', 'CM1'),
(28, 'enseignant_cm2', '$2y$10$e0MYzXyjpJS7Pd0RVvHwHeFupf8X1Z0K7c5J8K6FZ5e5J8K6FZ5e5', 'enseignant', 'CM2'),
(29, 'lorik', '$2y$10$05ch7dkeZSXZi6izvhW2R.9lsvjVLGMON6H0234oRA1VIpGfYpKuK', 'enfant', 'CE1'),
(31, 'alice_cp', '$2y$10$e0MYzXyjpJS7Pd0RVvHwHeFupf8X1Z0K7c5J8K6FZ5e5J8K6FZ5e5', 'enfant', 'CP'),
(32, 'benjamin_cp', '$2y$10$e0MYzXyjpJS7Pd0RVvHwHeFupf8X1Z0K7c5J8K6FZ5e5J8K6FZ5e5', 'enfant', 'CP'),
(33, 'chloe_cp', '$2y$10$e0MYzXyjpJS7Pd0RVvHwHeFupf8X1Z0K7c5J8K6FZ5e5J8K6FZ5e5', 'enfant', 'CP'),
(34, 'david_cp', '$2y$10$e0MYzXyjpJS7Pd0RVvHwHeFupf8X1Z0K7c5J8K6FZ5e5J8K6FZ5e5', 'enfant', 'CP'),
(35, 'emma_cp', '$2y$10$e0MYzXyjpJS7Pd0RVvHwHeFupf8X1Z0K7c5J8K6FZ5e5J8K6FZ5e5', 'enfant', 'CP'),
(36, 'florian_cp', '$2y$10$e0MYzXyjpJS7Pd0RVvHwHeFupf8X1Z0K7c5J8K6FZ5e5J8K6FZ5e5', 'enfant', 'CP'),
(37, 'gabrielle_cp', '$2y$10$e0MYzXyjpJS7Pd0RVvHwHeFupf8X1Z0K7c5J8K6FZ5e5J8K6FZ5e5', 'enfant', 'CP'),
(38, 'hugo_cp', '$2y$10$e0MYzXyjpJS7Pd0RVvHwHeFupf8X1Z0K7c5J8K6FZ5e5J8K6FZ5e5', 'enfant', 'CP'),
(39, 'isabelle_cp', '$2y$10$e0MYzXyjpJS7Pd0RVvHwHeFupf8X1Z0K7c5J8K6FZ5e5J8K6FZ5e5', 'enfant', 'CP'),
(40, 'julien_cp', '$2y$10$e0MYzXyjpJS7Pd0RVvHwHeFupf8X1Z0K7c5J8K6FZ5e5J8K6FZ5e5', 'enfant', 'CP'),
(41, 'alice_ce1', '$2y$10$e0MYzXyjpJS7Pd0RVvHwHeFupf8X1Z0K7c5J8K6FZ5e5J8K6FZ5e5', 'enfant', 'CE1'),
(42, 'benjamin_ce1', '$2y$10$e0MYzXyjpJS7Pd0RVvHwHeFupf8X1Z0K7c5J8K6FZ5e5J8K6FZ5e5', 'enfant', 'CE1'),
(43, 'chloe_ce1', '$2y$10$e0MYzXyjpJS7Pd0RVvHwHeFupf8X1Z0K7c5J8K6FZ5e5J8K6FZ5e5', 'enfant', 'CE1'),
(44, 'david_ce1', '$2y$10$e0MYzXyjpJS7Pd0RVvHwHeFupf8X1Z0K7c5J8K6FZ5e5J8K6FZ5e5', 'enfant', 'CE1'),
(45, 'emma_ce1', '$2y$10$e0MYzXyjpJS7Pd0RVvHwHeFupf8X1Z0K7c5J8K6FZ5e5J8K6FZ5e5', 'enfant', 'CE1'),
(46, 'florian_ce1', '$2y$10$e0MYzXyjpJS7Pd0RVvHwHeFupf8X1Z0K7c5J8K6FZ5e5J8K6FZ5e5', 'enfant', 'CE1'),
(47, 'gabrielle_ce1', '$2y$10$e0MYzXyjpJS7Pd0RVvHwHeFupf8X1Z0K7c5J8K6FZ5e5J8K6FZ5e5', 'enfant', 'CE1'),
(48, 'hugo_ce1', '$2y$10$e0MYzXyjpJS7Pd0RVvHwHeFupf8X1Z0K7c5J8K6FZ5e5J8K6FZ5e5', 'enfant', 'CE1'),
(49, 'isabelle_ce1', '$2y$10$e0MYzXyjpJS7Pd0RVvHwHeFupf8X1Z0K7c5J8K6FZ5e5J8K6FZ5e5', 'enfant', 'CE1'),
(50, 'julien_ce1', '$2y$10$e0MYzXyjpJS7Pd0RVvHwHeFupf8X1Z0K7c5J8K6FZ5e5J8K6FZ5e5', 'enfant', 'CE1'),
(51, 'alice_ce2', '$2y$10$e0MYzXyjpJS7Pd0RVvHwHeFupf8X1Z0K7c5J8K6FZ5e5J8K6FZ5e5', 'enfant', 'CE2'),
(52, 'benjamin_ce2', '$2y$10$e0MYzXyjpJS7Pd0RVvHwHeFupf8X1Z0K7c5J8K6FZ5e5J8K6FZ5e5', 'enfant', 'CE2'),
(53, 'chloe_ce2', '$2y$10$e0MYzXyjpJS7Pd0RVvHwHeFupf8X1Z0K7c5J8K6FZ5e5J8K6FZ5e5', 'enfant', 'CE2'),
(54, 'david_ce2', '$2y$10$e0MYzXyjpJS7Pd0RVvHwHeFupf8X1Z0K7c5J8K6FZ5e5J8K6FZ5e5', 'enfant', 'CE2'),
(55, 'emma_ce2', '$2y$10$e0MYzXyjpJS7Pd0RVvHwHeFupf8X1Z0K7c5J8K6FZ5e5J8K6FZ5e5', 'enfant', 'CE2'),
(56, 'florian_ce2', '$2y$10$e0MYzXyjpJS7Pd0RVvHwHeFupf8X1Z0K7c5J8K6FZ5e5J8K6FZ5e5', 'enfant', 'CE2'),
(57, 'gabrielle_ce2', '$2y$10$e0MYzXyjpJS7Pd0RVvHwHeFupf8X1Z0K7c5J8K6FZ5e5J8K6FZ5e5', 'enfant', 'CE2'),
(58, 'hugo_ce2', '$2y$10$e0MYzXyjpJS7Pd0RVvHwHeFupf8X1Z0K7c5J8K6FZ5e5J8K6FZ5e5', 'enfant', 'CE2'),
(59, 'isabelle_ce2', '$2y$10$e0MYzXyjpJS7Pd0RVvHwHeFupf8X1Z0K7c5J8K6FZ5e5J8K6FZ5e5', 'enfant', 'CE2'),
(60, 'julien_ce2', '$2y$10$e0MYzXyjpJS7Pd0RVvHwHeFupf8X1Z0K7c5J8K6FZ5e5J8K6FZ5e5', 'enfant', 'CE2'),
(61, 'alice_cm1', '$2y$10$e0MYzXyjpJS7Pd0RVvHwHeFupf8X1Z0K7c5J8K6FZ5e5J8K6FZ5e5', 'enfant', 'CM1'),
(62, 'benjamin_cm1', '$2y$10$e0MYzXyjpJS7Pd0RVvHwHeFupf8X1Z0K7c5J8K6FZ5e5J8K6FZ5e5', 'enfant', 'CM1'),
(63, 'chloe_cm1', '$2y$10$e0MYzXyjpJS7Pd0RVvHwHeFupf8X1Z0K7c5J8K6FZ5e5J8K6FZ5e5', 'enfant', 'CM1'),
(64, 'david_cm1', '$2y$10$e0MYzXyjpJS7Pd0RVvHwHeFupf8X1Z0K7c5J8K6FZ5e5J8K6FZ5e5', 'enfant', 'CM1'),
(65, 'emma_cm1', '$2y$10$e0MYzXyjpJS7Pd0RVvHwHeFupf8X1Z0K7c5J8K6FZ5e5J8K6FZ5e5', 'enfant', 'CM1'),
(66, 'florian_cm1', '$2y$10$e0MYzXyjpJS7Pd0RVvHwHeFupf8X1Z0K7c5J8K6FZ5e5J8K6FZ5e5', 'enfant', 'CM1'),
(67, 'gabrielle_cm1', '$2y$10$e0MYzXyjpJS7Pd0RVvHwHeFupf8X1Z0K7c5J8K6FZ5e5J8K6FZ5e5', 'enfant', 'CM1'),
(68, 'hugo_cm1', '$2y$10$e0MYzXyjpJS7Pd0RVvHwHeFupf8X1Z0K7c5J8K6FZ5e5J8K6FZ5e5', 'enfant', 'CM1'),
(69, 'isabelle_cm1', '$2y$10$e0MYzXyjpJS7Pd0RVvHwHeFupf8X1Z0K7c5J8K6FZ5e5J8K6FZ5e5', 'enfant', 'CM1'),
(70, 'julien_cm1', '$2y$10$e0MYzXyjpJS7Pd0RVvHwHeFupf8X1Z0K7c5J8K6FZ5e5J8K6FZ5e5', 'enfant', 'CM1'),
(71, 'alice_cm2', '$2y$10$e0MYzXyjpJS7Pd0RVvHwHeFupf8X1Z0K7c5J8K6FZ5e5J8K6FZ5e5', 'enfant', 'CM2'),
(72, 'benjamin_cm2', '$2y$10$e0MYzXyjpJS7Pd0RVvHwHeFupf8X1Z0K7c5J8K6FZ5e5J8K6FZ5e5', 'enfant', 'CM2'),
(73, 'chloe_cm2', '$2y$10$e0MYzXyjpJS7Pd0RVvHwHeFupf8X1Z0K7c5J8K6FZ5e5J8K6FZ5e5', 'enfant', 'CM2'),
(74, 'david_cm2', '$2y$10$e0MYzXyjpJS7Pd0RVvHwHeFupf8X1Z0K7c5J8K6FZ5e5J8K6FZ5e5', 'enfant', 'CM2'),
(75, 'emma_cm2', '$2y$10$e0MYzXyjpJS7Pd0RVvHwHeFupf8X1Z0K7c5J8K6FZ5e5J8K6FZ5e5', 'enfant', 'CM2'),
(76, 'florian_cm2', '$2y$10$e0MYzXyjpJS7Pd0RVvHwHeFupf8X1Z0K7c5J8K6FZ5e5J8K6FZ5e5', 'enfant', 'CM2'),
(77, 'gabrielle_cm2', '$2y$10$e0MYzXyjpJS7Pd0RVvHwHeFupf8X1Z0K7c5J8K6FZ5e5J8K6FZ5e5', 'enfant', 'CM2'),
(78, 'hugo_cm2', '$2y$10$e0MYzXyjpJS7Pd0RVvHwHeFupf8X1Z0K7c5J8K6FZ5e5J8K6FZ5e5', 'enfant', 'CM2'),
(79, 'isabelle_cm2', '$2y$10$e0MYzXyjpJS7Pd0RVvHwHeFupf8X1Z0K7c5J8K6FZ5e5J8K6FZ5e5', 'enfant', 'CM2'),
(80, 'julien_cm2', '$2y$10$e0MYzXyjpJS7Pd0RVvHwHeFupf8X1Z0K7c5J8K6FZ5e5J8K6FZ5e5', 'enfant', 'CM2'),
(81, 'antoine', '$2y$10$7ZbcHn7ShiuzCYK9.arLfuRR3hbBUt85Q9/9vB89j3OT4erlu2L9u', 'enseignant', 'CE2'),
(82, 'hugo', '$2y$10$jZILa3NiX5fCt.3gxt38B.c3fMOycv0T/JMeAzLb30A7pLV7ELEeG', 'enseignant', 'CM1'),
(87, 'enzo_cp', '$2y$10$i8erk1M6XhjhnhuKJhVp0uRjh6DFGPNN3sa6IfHoJeP9z4st2wBly', 'enfant', 'CP'),
(86, 'marguerite', '$2y$10$hsQymN1mtZ/1qCGU5MrOgeWuP6JMoVfbw3SRnUfYMR8FsFaDzh7sK', 'parent', ''),
(88, 'enzo_cm2', '$2y$10$WQfV8uujtPiLg8qL8pbREeUZbm/ha58CkevUWKQAvt7nJBZRkiLLm', 'enfant', 'CM2');
COMMIT;


-- --------------------------------------------------------

--
-- Structure de la table `exercices_floutes`
--

DROP TABLE IF EXISTS `exercices_floutes`;
CREATE TABLE IF NOT EXISTS `exercices_floutes` (
  `id` int NOT NULL AUTO_INCREMENT,
  `classe` varchar(50) NOT NULL,
  `exercice` varchar(50) NOT NULL,
  PRIMARY KEY (`id`),
  UNIQUE KEY `unique_exercice_classe` (`classe`,`exercice`)
) ENGINE=MyISAM AUTO_INCREMENT=35 DEFAULT CHARSET=utf8mb4 COLLATE=utf8mb4_0900_ai_ci;

--
-- Déchargement des données de la table `exercices_floutes`
--

INSERT INTO `exercices_floutes` (`id`, `classe`, `exercice`) VALUES
(34, 'CM2', 'conjugaison_verbe'),
(33, 'CM2', 'soustraction');

-- --------------------------------------------------------

--
-- Structure de la table `exercise_results`
--

DROP TABLE IF EXISTS `exercise_results`;
CREATE TABLE IF NOT EXISTS `exercise_results` (
  `id` int NOT NULL AUTO_INCREMENT,
  `user_id` int NOT NULL,
  `exercise_type` varchar(50) NOT NULL,
  `score` int NOT NULL,
  `date` timestamp NULL DEFAULT CURRENT_TIMESTAMP,
  PRIMARY KEY (`id`),
  KEY `user_id` (`user_id`)
) ENGINE=MyISAM AUTO_INCREMENT=329 DEFAULT CHARSET=utf8mb4 COLLATE=utf8mb4_0900_ai_ci;

--
-- Déchargement des données de la table `exercise_results`
--

INSERT INTO `exercise_results` (`id`, `user_id`, `exercise_type`, `score`, `date`) VALUES
(1, 10, 'addition', 0, '2025-03-03 07:52:33'),
(2, 10, 'addition', 0, '2025-03-03 07:57:27'),
(3, 10, 'addition', 0, '2025-03-03 07:57:51'),
(4, 10, 'soustraction', 1, '2025-03-03 08:03:57'),
(5, 10, 'multiplication', 2, '2025-03-03 08:29:12'),
(6, 10, 'multiplication', 2, '2025-03-03 08:29:25'),
(7, 10, 'dictee', 10, '2025-03-03 08:36:52'),
(8, 10, 'conjugaison_verbe', 0, '2025-03-03 08:42:29'),
(9, 10, 'conjugaison_phrase', 1, '2025-03-03 08:43:13'),
(10, 10, 'addition', 0, '2025-03-03 08:50:14'),
(11, 10, 'addition', 1, '2025-03-03 08:59:35'),
(12, 10, 'addition', 1, '2025-03-03 08:59:57'),
(13, 10, 'addition', 1, '2025-03-03 08:59:58'),
(14, 10, 'addition', 1, '2025-03-03 09:01:53'),
(15, 10, 'soustraction', 1, '2025-03-03 09:09:54'),
(16, 10, 'soustraction', 0, '2025-03-03 09:10:58'),
(17, 10, 'multiplication', 1, '2025-03-03 09:17:01'),
(18, 10, 'dictee', 1, '2025-03-03 09:20:24'),
(19, 10, 'conjugaison_verbe', 0, '2025-03-03 09:26:28'),
(20, 10, 'conjugaison_phrase', 1, '2025-03-03 09:33:07'),
(21, 11, 'addition', 1, '2025-03-03 10:08:45'),
(22, 29, 'addition', 0, '2025-03-03 12:32:56'),
(23, 31, 'addition', 8, '2025-02-28 23:00:00'),
(24, 31, 'soustraction', 9, '2025-03-01 23:00:00'),
(25, 31, 'multiplication', 7, '2025-03-02 23:00:00'),
(26, 31, 'dictee', 8, '2025-03-03 23:00:00'),
(27, 31, 'conjugaison_phrase', 9, '2025-03-04 23:00:00'),
(28, 31, 'conjugaison_verbe', 8, '2025-03-05 23:00:00'),
(29, 32, 'addition', 7, '2025-02-28 23:00:00'),
(30, 32, 'soustraction', 8, '2025-03-01 23:00:00'),
(31, 32, 'multiplication', 6, '2025-03-02 23:00:00'),
(32, 32, 'dictee', 7, '2025-03-03 23:00:00'),
(33, 32, 'conjugaison_phrase', 8, '2025-03-04 23:00:00'),
(34, 32, 'conjugaison_verbe', 7, '2025-03-05 23:00:00'),
(35, 33, 'addition', 8, '2025-02-28 23:00:00'),
(36, 33, 'soustraction', 9, '2025-03-01 23:00:00'),
(37, 33, 'multiplication', 7, '2025-03-02 23:00:00'),
(38, 33, 'dictee', 8, '2025-03-03 23:00:00'),
(39, 33, 'conjugaison_phrase', 9, '2025-03-04 23:00:00'),
(40, 33, 'conjugaison_verbe', 8, '2025-03-05 23:00:00'),
(41, 34, 'addition', 7, '2025-02-28 23:00:00'),
(42, 34, 'soustraction', 8, '2025-03-01 23:00:00'),
(43, 34, 'multiplication', 6, '2025-03-02 23:00:00'),
(44, 34, 'dictee', 7, '2025-03-03 23:00:00'),
(45, 34, 'conjugaison_phrase', 8, '2025-03-04 23:00:00'),
(46, 34, 'conjugaison_verbe', 7, '2025-03-05 23:00:00'),
(47, 35, 'addition', 8, '2025-02-28 23:00:00'),
(48, 35, 'soustraction', 9, '2025-03-01 23:00:00'),
(49, 35, 'multiplication', 7, '2025-03-02 23:00:00'),
(50, 35, 'dictee', 8, '2025-03-03 23:00:00'),
(51, 35, 'conjugaison_phrase', 9, '2025-03-04 23:00:00'),
(52, 35, 'conjugaison_verbe', 8, '2025-03-05 23:00:00'),
(53, 36, 'addition', 7, '2025-02-28 23:00:00'),
(54, 36, 'soustraction', 8, '2025-03-01 23:00:00'),
(55, 36, 'multiplication', 6, '2025-03-02 23:00:00'),
(56, 36, 'dictee', 7, '2025-03-03 23:00:00'),
(57, 36, 'conjugaison_phrase', 8, '2025-03-04 23:00:00'),
(58, 36, 'conjugaison_verbe', 7, '2025-03-05 23:00:00'),
(59, 37, 'addition', 8, '2025-02-28 23:00:00'),
(60, 37, 'soustraction', 9, '2025-03-01 23:00:00'),
(61, 37, 'multiplication', 7, '2025-03-02 23:00:00'),
(62, 37, 'dictee', 8, '2025-03-03 23:00:00'),
(63, 37, 'conjugaison_phrase', 9, '2025-03-04 23:00:00'),
(64, 37, 'conjugaison_verbe', 8, '2025-03-05 23:00:00'),
(65, 38, 'addition', 7, '2025-02-28 23:00:00'),
(66, 38, 'soustraction', 8, '2025-03-01 23:00:00'),
(67, 38, 'multiplication', 6, '2025-03-02 23:00:00'),
(68, 38, 'dictee', 7, '2025-03-03 23:00:00'),
(69, 38, 'conjugaison_phrase', 8, '2025-03-04 23:00:00'),
(70, 38, 'conjugaison_verbe', 7, '2025-03-05 23:00:00'),
(71, 39, 'addition', 8, '2025-02-28 23:00:00'),
(72, 39, 'soustraction', 9, '2025-03-01 23:00:00'),
(73, 39, 'multiplication', 7, '2025-03-02 23:00:00'),
(74, 39, 'dictee', 8, '2025-03-03 23:00:00'),
(75, 39, 'conjugaison_phrase', 9, '2025-03-04 23:00:00'),
(76, 39, 'conjugaison_verbe', 8, '2025-03-05 23:00:00'),
(77, 40, 'addition', 7, '2025-02-28 23:00:00'),
(78, 40, 'soustraction', 8, '2025-03-01 23:00:00'),
(79, 40, 'multiplication', 6, '2025-03-02 23:00:00'),
(80, 40, 'dictee', 7, '2025-03-03 23:00:00'),
(81, 40, 'conjugaison_phrase', 8, '2025-03-04 23:00:00'),
(82, 40, 'conjugaison_verbe', 7, '2025-03-05 23:00:00'),
(83, 41, 'addition', 8, '2025-02-28 23:00:00'),
(84, 41, 'soustraction', 9, '2025-03-01 23:00:00'),
(85, 41, 'multiplication', 7, '2025-03-02 23:00:00'),
(86, 41, 'dictee', 8, '2025-03-03 23:00:00'),
(87, 41, 'conjugaison_phrase', 9, '2025-03-04 23:00:00'),
(88, 41, 'conjugaison_verbe', 8, '2025-03-05 23:00:00'),
(89, 42, 'addition', 7, '2025-02-28 23:00:00'),
(90, 42, 'soustraction', 8, '2025-03-01 23:00:00'),
(91, 42, 'multiplication', 6, '2025-03-02 23:00:00'),
(92, 42, 'dictee', 7, '2025-03-03 23:00:00'),
(93, 42, 'conjugaison_phrase', 8, '2025-03-04 23:00:00'),
(94, 42, 'conjugaison_verbe', 7, '2025-03-05 23:00:00'),
(95, 43, 'addition', 8, '2025-02-28 23:00:00'),
(96, 43, 'soustraction', 9, '2025-03-01 23:00:00'),
(97, 43, 'multiplication', 7, '2025-03-02 23:00:00'),
(98, 43, 'dictee', 8, '2025-03-03 23:00:00'),
(99, 43, 'conjugaison_phrase', 9, '2025-03-04 23:00:00'),
(100, 43, 'conjugaison_verbe', 8, '2025-03-05 23:00:00'),
(101, 44, 'addition', 7, '2025-02-28 23:00:00'),
(102, 44, 'soustraction', 8, '2025-03-01 23:00:00'),
(103, 44, 'multiplication', 6, '2025-03-02 23:00:00'),
(104, 44, 'dictee', 7, '2025-03-03 23:00:00'),
(105, 44, 'conjugaison_phrase', 8, '2025-03-04 23:00:00'),
(106, 44, 'conjugaison_verbe', 7, '2025-03-05 23:00:00'),
(107, 45, 'addition', 8, '2025-02-28 23:00:00'),
(108, 45, 'soustraction', 9, '2025-03-01 23:00:00'),
(109, 45, 'multiplication', 7, '2025-03-02 23:00:00'),
(110, 45, 'dictee', 8, '2025-03-03 23:00:00'),
(111, 45, 'conjugaison_phrase', 9, '2025-03-04 23:00:00'),
(112, 45, 'conjugaison_verbe', 8, '2025-03-05 23:00:00'),
(113, 46, 'addition', 7, '2025-02-28 23:00:00'),
(114, 46, 'soustraction', 8, '2025-03-01 23:00:00'),
(115, 46, 'multiplication', 6, '2025-03-02 23:00:00'),
(116, 46, 'dictee', 7, '2025-03-03 23:00:00'),
(117, 46, 'conjugaison_phrase', 8, '2025-03-04 23:00:00'),
(118, 46, 'conjugaison_verbe', 7, '2025-03-05 23:00:00'),
(119, 47, 'addition', 8, '2025-02-28 23:00:00'),
(120, 47, 'soustraction', 9, '2025-03-01 23:00:00'),
(121, 47, 'multiplication', 7, '2025-03-02 23:00:00'),
(122, 47, 'dictee', 8, '2025-03-03 23:00:00'),
(123, 47, 'conjugaison_phrase', 9, '2025-03-04 23:00:00'),
(124, 47, 'conjugaison_verbe', 8, '2025-03-05 23:00:00'),
(125, 48, 'addition', 7, '2025-02-28 23:00:00'),
(126, 48, 'soustraction', 8, '2025-03-01 23:00:00'),
(127, 48, 'multiplication', 6, '2025-03-02 23:00:00'),
(128, 48, 'dictee', 7, '2025-03-03 23:00:00'),
(129, 48, 'conjugaison_phrase', 8, '2025-03-04 23:00:00'),
(130, 48, 'conjugaison_verbe', 7, '2025-03-05 23:00:00'),
(131, 49, 'addition', 8, '2025-02-28 23:00:00'),
(132, 49, 'soustraction', 9, '2025-03-01 23:00:00'),
(133, 49, 'multiplication', 7, '2025-03-02 23:00:00'),
(134, 49, 'dictee', 8, '2025-03-03 23:00:00'),
(135, 49, 'conjugaison_phrase', 9, '2025-03-04 23:00:00'),
(136, 49, 'conjugaison_verbe', 8, '2025-03-05 23:00:00'),
(137, 50, 'addition', 7, '2025-02-28 23:00:00'),
(138, 50, 'soustraction', 8, '2025-03-01 23:00:00'),
(139, 50, 'multiplication', 6, '2025-03-02 23:00:00'),
(140, 50, 'dictee', 7, '2025-03-03 23:00:00'),
(141, 50, 'conjugaison_phrase', 8, '2025-03-04 23:00:00'),
(142, 50, 'conjugaison_verbe', 7, '2025-03-05 23:00:00'),
(143, 51, 'addition', 8, '2025-02-28 23:00:00'),
(144, 51, 'soustraction', 9, '2025-03-01 23:00:00'),
(145, 51, 'multiplication', 7, '2025-03-02 23:00:00'),
(146, 51, 'dictee', 8, '2025-03-03 23:00:00'),
(147, 51, 'conjugaison_phrase', 9, '2025-03-04 23:00:00'),
(148, 51, 'conjugaison_verbe', 8, '2025-03-05 23:00:00'),
(149, 52, 'addition', 7, '2025-02-28 23:00:00'),
(150, 52, 'soustraction', 8, '2025-03-01 23:00:00'),
(151, 52, 'multiplication', 6, '2025-03-02 23:00:00'),
(152, 52, 'dictee', 7, '2025-03-03 23:00:00'),
(153, 52, 'conjugaison_phrase', 8, '2025-03-04 23:00:00'),
(154, 52, 'conjugaison_verbe', 7, '2025-03-05 23:00:00'),
(155, 53, 'addition', 8, '2025-02-28 23:00:00'),
(156, 53, 'soustraction', 9, '2025-03-01 23:00:00'),
(157, 53, 'multiplication', 7, '2025-03-02 23:00:00'),
(158, 53, 'dictee', 8, '2025-03-03 23:00:00'),
(159, 53, 'conjugaison_phrase', 9, '2025-03-04 23:00:00'),
(160, 53, 'conjugaison_verbe', 8, '2025-03-05 23:00:00'),
(161, 54, 'addition', 7, '2025-02-28 23:00:00'),
(162, 54, 'soustraction', 8, '2025-03-01 23:00:00'),
(163, 54, 'multiplication', 6, '2025-03-02 23:00:00'),
(164, 54, 'dictee', 7, '2025-03-03 23:00:00'),
(165, 54, 'conjugaison_phrase', 8, '2025-03-04 23:00:00'),
(166, 54, 'conjugaison_verbe', 7, '2025-03-05 23:00:00'),
(167, 55, 'addition', 8, '2025-02-28 23:00:00'),
(168, 55, 'soustraction', 9, '2025-03-01 23:00:00'),
(169, 55, 'multiplication', 7, '2025-03-02 23:00:00'),
(170, 55, 'dictee', 8, '2025-03-03 23:00:00'),
(171, 55, 'conjugaison_phrase', 9, '2025-03-04 23:00:00'),
(172, 55, 'conjugaison_verbe', 8, '2025-03-05 23:00:00'),
(173, 56, 'addition', 7, '2025-02-28 23:00:00'),
(174, 56, 'soustraction', 8, '2025-03-01 23:00:00'),
(175, 56, 'multiplication', 6, '2025-03-02 23:00:00'),
(176, 56, 'dictee', 7, '2025-03-03 23:00:00'),
(177, 56, 'conjugaison_phrase', 8, '2025-03-04 23:00:00'),
(178, 56, 'conjugaison_verbe', 7, '2025-03-05 23:00:00'),
(179, 57, 'addition', 8, '2025-02-28 23:00:00'),
(180, 57, 'soustraction', 9, '2025-03-01 23:00:00'),
(181, 57, 'multiplication', 7, '2025-03-02 23:00:00'),
(182, 57, 'dictee', 8, '2025-03-03 23:00:00'),
(183, 57, 'conjugaison_phrase', 9, '2025-03-04 23:00:00'),
(184, 57, 'conjugaison_verbe', 8, '2025-03-05 23:00:00'),
(185, 58, 'addition', 7, '2025-02-28 23:00:00'),
(186, 58, 'soustraction', 8, '2025-03-01 23:00:00'),
(187, 58, 'multiplication', 6, '2025-03-02 23:00:00'),
(188, 58, 'dictee', 7, '2025-03-03 23:00:00'),
(189, 58, 'conjugaison_phrase', 8, '2025-03-04 23:00:00'),
(190, 58, 'conjugaison_verbe', 7, '2025-03-05 23:00:00'),
(191, 59, 'addition', 8, '2025-02-28 23:00:00'),
(192, 59, 'soustraction', 9, '2025-03-01 23:00:00'),
(193, 59, 'multiplication', 7, '2025-03-02 23:00:00'),
(194, 59, 'dictee', 8, '2025-03-03 23:00:00'),
(195, 59, 'conjugaison_phrase', 9, '2025-03-04 23:00:00'),
(196, 59, 'conjugaison_verbe', 8, '2025-03-05 23:00:00'),
(197, 60, 'addition', 7, '2025-02-28 23:00:00'),
(198, 60, 'soustraction', 8, '2025-03-01 23:00:00'),
(199, 60, 'multiplication', 6, '2025-03-02 23:00:00'),
(200, 60, 'dictee', 7, '2025-03-03 23:00:00'),
(201, 60, 'conjugaison_phrase', 8, '2025-03-04 23:00:00'),
(202, 60, 'conjugaison_verbe', 7, '2025-03-05 23:00:00'),
(203, 61, 'addition', 8, '2025-02-28 23:00:00'),
(204, 61, 'soustraction', 9, '2025-03-01 23:00:00'),
(205, 61, 'multiplication', 7, '2025-03-02 23:00:00'),
(206, 61, 'dictee', 8, '2025-03-03 23:00:00'),
(207, 61, 'conjugaison_phrase', 9, '2025-03-04 23:00:00'),
(208, 61, 'conjugaison_verbe', 8, '2025-03-05 23:00:00'),
(209, 62, 'addition', 7, '2025-02-28 23:00:00'),
(210, 62, 'soustraction', 8, '2025-03-01 23:00:00'),
(211, 62, 'multiplication', 6, '2025-03-02 23:00:00'),
(212, 62, 'dictee', 7, '2025-03-03 23:00:00'),
(213, 62, 'conjugaison_phrase', 8, '2025-03-04 23:00:00'),
(214, 62, 'conjugaison_verbe', 7, '2025-03-05 23:00:00'),
(215, 63, 'addition', 8, '2025-02-28 23:00:00'),
(216, 63, 'soustraction', 9, '2025-03-01 23:00:00'),
(217, 63, 'multiplication', 7, '2025-03-02 23:00:00'),
(218, 63, 'dictee', 8, '2025-03-03 23:00:00'),
(219, 63, 'conjugaison_phrase', 9, '2025-03-04 23:00:00'),
(220, 63, 'conjugaison_verbe', 8, '2025-03-05 23:00:00'),
(221, 64, 'addition', 7, '2025-02-28 23:00:00'),
(222, 64, 'soustraction', 8, '2025-03-01 23:00:00'),
(223, 64, 'multiplication', 6, '2025-03-02 23:00:00'),
(224, 64, 'dictee', 7, '2025-03-03 23:00:00'),
(225, 64, 'conjugaison_phrase', 8, '2025-03-04 23:00:00'),
(226, 64, 'conjugaison_verbe', 7, '2025-03-05 23:00:00'),
(227, 65, 'addition', 8, '2025-02-28 23:00:00'),
(228, 65, 'soustraction', 9, '2025-03-01 23:00:00'),
(229, 65, 'multiplication', 7, '2025-03-02 23:00:00'),
(230, 65, 'dictee', 8, '2025-03-03 23:00:00'),
(231, 65, 'conjugaison_phrase', 9, '2025-03-04 23:00:00'),
(232, 65, 'conjugaison_verbe', 8, '2025-03-05 23:00:00'),
(233, 66, 'addition', 7, '2025-02-28 23:00:00'),
(234, 66, 'soustraction', 8, '2025-03-01 23:00:00'),
(235, 66, 'multiplication', 6, '2025-03-02 23:00:00'),
(236, 66, 'dictee', 7, '2025-03-03 23:00:00'),
(237, 66, 'conjugaison_phrase', 8, '2025-03-04 23:00:00'),
(238, 66, 'conjugaison_verbe', 7, '2025-03-05 23:00:00'),
(239, 67, 'addition', 8, '2025-02-28 23:00:00'),
(240, 67, 'soustraction', 9, '2025-03-01 23:00:00'),
(241, 67, 'multiplication', 7, '2025-03-02 23:00:00'),
(242, 67, 'dictee', 8, '2025-03-03 23:00:00'),
(243, 67, 'conjugaison_phrase', 9, '2025-03-04 23:00:00'),
(244, 67, 'conjugaison_verbe', 8, '2025-03-05 23:00:00'),
(245, 68, 'addition', 7, '2025-02-28 23:00:00'),
(246, 68, 'soustraction', 8, '2025-03-01 23:00:00'),
(247, 68, 'multiplication', 6, '2025-03-02 23:00:00'),
(248, 68, 'dictee', 7, '2025-03-03 23:00:00'),
(249, 68, 'conjugaison_phrase', 8, '2025-03-04 23:00:00'),
(250, 68, 'conjugaison_verbe', 7, '2025-03-05 23:00:00'),
(251, 69, 'addition', 8, '2025-02-28 23:00:00'),
(252, 69, 'soustraction', 9, '2025-03-01 23:00:00'),
(253, 69, 'multiplication', 7, '2025-03-02 23:00:00'),
(254, 69, 'dictee', 8, '2025-03-03 23:00:00'),
(255, 69, 'conjugaison_phrase', 9, '2025-03-04 23:00:00'),
(256, 69, 'conjugaison_verbe', 8, '2025-03-05 23:00:00'),
(257, 70, 'addition', 7, '2025-02-28 23:00:00'),
(258, 70, 'soustraction', 8, '2025-03-01 23:00:00'),
(259, 70, 'multiplication', 6, '2025-03-02 23:00:00'),
(260, 70, 'dictee', 7, '2025-03-03 23:00:00'),
(261, 70, 'conjugaison_phrase', 8, '2025-03-04 23:00:00'),
(262, 70, 'conjugaison_verbe', 7, '2025-03-05 23:00:00'),
(263, 71, 'addition', 8, '2025-02-28 23:00:00'),
(264, 71, 'soustraction', 9, '2025-03-01 23:00:00'),
(265, 71, 'multiplication', 7, '2025-03-02 23:00:00'),
(266, 71, 'dictee', 8, '2025-03-03 23:00:00'),
(267, 71, 'conjugaison_phrase', 9, '2025-03-04 23:00:00'),
(268, 71, 'conjugaison_verbe', 8, '2025-03-05 23:00:00'),
(269, 72, 'addition', 7, '2025-02-28 23:00:00'),
(270, 72, 'soustraction', 8, '2025-03-01 23:00:00'),
(271, 72, 'multiplication', 6, '2025-03-02 23:00:00'),
(272, 72, 'dictee', 7, '2025-03-03 23:00:00'),
(273, 72, 'conjugaison_phrase', 8, '2025-03-04 23:00:00'),
(274, 72, 'conjugaison_verbe', 7, '2025-03-05 23:00:00'),
(275, 73, 'addition', 8, '2025-02-28 23:00:00'),
(276, 73, 'soustraction', 9, '2025-03-01 23:00:00'),
(277, 73, 'multiplication', 7, '2025-03-02 23:00:00'),
(278, 73, 'dictee', 8, '2025-03-03 23:00:00'),
(279, 73, 'conjugaison_phrase', 9, '2025-03-04 23:00:00'),
(280, 73, 'conjugaison_verbe', 8, '2025-03-05 23:00:00'),
(281, 74, 'addition', 7, '2025-02-28 23:00:00'),
(282, 74, 'soustraction', 8, '2025-03-01 23:00:00'),
(283, 74, 'multiplication', 6, '2025-03-02 23:00:00'),
(284, 74, 'dictee', 7, '2025-03-03 23:00:00'),
(285, 74, 'conjugaison_phrase', 8, '2025-03-04 23:00:00'),
(286, 74, 'conjugaison_verbe', 7, '2025-03-05 23:00:00'),
(287, 75, 'addition', 8, '2025-02-28 23:00:00'),
(288, 75, 'soustraction', 9, '2025-03-01 23:00:00'),
(289, 75, 'multiplication', 7, '2025-03-02 23:00:00'),
(290, 75, 'dictee', 8, '2025-03-03 23:00:00'),
(291, 75, 'conjugaison_phrase', 9, '2025-03-04 23:00:00'),
(292, 75, 'conjugaison_verbe', 8, '2025-03-05 23:00:00'),
(293, 76, 'addition', 7, '2025-02-28 23:00:00'),
(294, 76, 'soustraction', 8, '2025-03-01 23:00:00'),
(295, 76, 'multiplication', 6, '2025-03-02 23:00:00'),
(296, 76, 'dictee', 7, '2025-03-03 23:00:00'),
(297, 76, 'conjugaison_phrase', 8, '2025-03-04 23:00:00'),
(298, 76, 'conjugaison_verbe', 7, '2025-03-05 23:00:00'),
(299, 77, 'addition', 8, '2025-02-28 23:00:00'),
(300, 77, 'soustraction', 9, '2025-03-01 23:00:00'),
(301, 77, 'multiplication', 7, '2025-03-02 23:00:00'),
(302, 77, 'dictee', 8, '2025-03-03 23:00:00'),
(303, 77, 'conjugaison_phrase', 9, '2025-03-04 23:00:00'),
(304, 77, 'conjugaison_verbe', 8, '2025-03-05 23:00:00'),
(305, 78, 'addition', 7, '2025-02-28 23:00:00'),
(306, 78, 'soustraction', 8, '2025-03-01 23:00:00'),
(307, 78, 'multiplication', 6, '2025-03-02 23:00:00'),
(308, 78, 'dictee', 7, '2025-03-03 23:00:00'),
(309, 78, 'conjugaison_phrase', 8, '2025-03-04 23:00:00'),
(310, 78, 'conjugaison_verbe', 7, '2025-03-05 23:00:00'),
(311, 79, 'addition', 8, '2025-02-28 23:00:00'),
(312, 79, 'soustraction', 9, '2025-03-01 23:00:00'),
(313, 79, 'multiplication', 7, '2025-03-02 23:00:00'),
(314, 79, 'dictee', 8, '2025-03-03 23:00:00'),
(315, 79, 'conjugaison_phrase', 9, '2025-03-04 23:00:00'),
(316, 79, 'conjugaison_verbe', 8, '2025-03-05 23:00:00'),
(317, 80, 'addition', 7, '2025-02-28 23:00:00'),
(318, 80, 'soustraction', 8, '2025-03-01 23:00:00'),
(319, 80, 'multiplication', 6, '2025-03-02 23:00:00'),
(320, 80, 'dictee', 7, '2025-03-03 23:00:00'),
(321, 80, 'conjugaison_phrase', 8, '2025-03-04 23:00:00'),
(322, 80, 'conjugaison_verbe', 7, '2025-03-05 23:00:00'),
(323, 15, 'conjugaison_verbe', 6, '2025-03-03 12:59:31'),
(324, 18, 'addication', 4, '2025-03-03 13:24:53'),
(325, 87, 'addition', 0, '2025-03-03 14:09:37'),
(326, 87, 'addition', 0, '2025-03-03 14:14:10'),
(327, 87, 'soustraction', 0, '2025-03-03 14:18:50'),
(328, 87, 'multiplication', 0, '2025-03-03 14:25:04');

-- --------------------------------------------------------

--
-- Structure de la table `parent_child`
--

DROP TABLE IF EXISTS `parent_child`;
CREATE TABLE IF NOT EXISTS `parent_child` (
  `parent_id` int NOT NULL,
  `child_id` int NOT NULL,
  PRIMARY KEY (`parent_id`,`child_id`),
  KEY `child_id` (`child_id`)
) ENGINE=MyISAM DEFAULT CHARSET=utf8mb4 COLLATE=utf8mb4_0900_ai_ci;

--
-- Déchargement des données de la table `parent_child`
--

INSERT INTO `parent_child` (`parent_id`, `child_id`) VALUES
(13, 11),
(13, 84),
(13, 85),
(22, 17),
(22, 18),
(23, 19),
(23, 20),
(86, 56),
(86, 67),
(86, 75);


